read	count	Sample	WindowStart	WindowEnd	FilteredSampleDepth	Seq_haplotype	haplotype	Gcount	window	GHap	hapnames
TAAAGAAGCCGGTTACCCATAGTTAGACGGAAAGACCCCGTGAACCTTCACCGTAGCTTACTATTGGAACTTGG	6575	R3-KUN-019.bam	6359	6432	7863	SHap-0	TAAAGAAGCCGGTTACCCATAGTTAGACGGAAAGACCCCGTGAACCTTCACCGTAGCTTACTATTGGAACTTGG	191835	6359	GHap-0	R3-KUN-019.bam_Window-6359-6432_SHap-0_GHap-0_Count-6575
TAAAGAAGCCGGTTACCCATAGTTAGACGGAAAGACCCCGTGAACCTTCACCGTAGCTTACTATTGGAACTTGG	6061	R3-LE-002.bam	6359	6432	7745	SHap-0	TAAAGAAGCCGGTTACCCATAGTTAGACGGAAAGACCCCGTGAACCTTCACCGTAGCTTACTATTGGAACTTGG	191835	6359	GHap-0	R3-LE-002.bam_Window-6359-6432_SHap-0_GHap-0_Count-6061
TAAAGAAGCCGGTTACCCATAGTTAGACGGAAAGACCCCGTGAACCTTCACCGTAGCTTACTATTGGAACTTGG	6480	R3-MAT-007.bam	6359	6432	7859	SHap-0	TAAAGAAGCCGGTTACCCATAGTTAGACGGAAAGACCCCGTGAACCTTCACCGTAGCTTACTATTGGAACTTGG	191835	6359	GHap-0	R3-MAT-007.bam_Window-6359-6432_SHap-0_GHap-0_Count-6480
TAAAGAAGCCGGTTACCCATAGTTAGACGGAAAGACCCCGTGAACCTTCACCGTAGCTTACTATTGGAACTTGG	6307	R3-TUM-011.bam	6359	6432	7825	SHap-0	TAAAGAAGCCGGTTACCCATAGTTAGACGGAAAGACCCCGTGAACCTTCACCGTAGCTTACTATTGGAACTTGG	191835	6359	GHap-0	R3-TUM-011.bam_Window-6359-6432_SHap-0_GHap-0_Count-6307
TAAAGAAGCCGGTTACCCATAGTTAGACGGAAAGACCCCGTGAACCTTCACCGTAGCTTACTATTGGAACTTGG	6572	R3-ZUE-003.bam	6359	6432	7884	SHap-0	TAAAGAAGCCGGTTACCCATAGTTAGACGGAAAGACCCCGTGAACCTTCACCGTAGCTTACTATTGGAACTTGG	191835	6359	GHap-0	R3-ZUE-003.bam_Window-6359-6432_SHap-0_GHap-0_Count-6572
TAAAGAAGCCGGTTACCCATAGTTAGACGGAAAGACCCCGTGAACCTTCACCGTAGCTTACTATTGGAACTTGG	6615	R5-LAN-003.bam	6359	6432	7851	SHap-0	TAAAGAAGCCGGTTACCCATAGTTAGACGGAAAGACCCCGTGAACCTTCACCGTAGCTTACTATTGGAACTTGG	191835	6359	GHap-0	R5-LAN-003.bam_Window-6359-6432_SHap-0_GHap-0_Count-6615
TAAAGAAGCCGGTTACCCATAGTTAGACGGAAAGACCCCGTGAACCTTCACCGTAGCTTACTATTGGAACTTGG	6321	R5-PAN-004.bam	6359	6432	7911	SHap-0	TAAAGAAGCCGGTTACCCATAGTTAGACGGAAAGACCCCGTGAACCTTCACCGTAGCTTACTATTGGAACTTGG	191835	6359	GHap-0	R5-PAN-004.bam_Window-6359-6432_SHap-0_GHap-0_Count-6321
TAAAGAAGCCGGTTACCCATAGTTAGACGGAAAGACCCCGTGAACCTTCACCGTAGCTTACTATTGGAACTTGG	6512	R5-PAN-006.bam	6359	6432	7866	SHap-0	TAAAGAAGCCGGTTACCCATAGTTAGACGGAAAGACCCCGTGAACCTTCACCGTAGCTTACTATTGGAACTTGG	191835	6359	GHap-0	R5-PAN-006.bam_Window-6359-6432_SHap-0_GHap-0_Count-6512
TAAAGAAGCCGGTTACCCATAGTTAGACGGAAAGACCCCGTGAACCTTCACCGTAGCTTACTATTGGAACTTGG	6342	R5-ZUE-007.bam	6359	6432	7840	SHap-0	TAAAGAAGCCGGTTACCCATAGTTAGACGGAAAGACCCCGTGAACCTTCACCGTAGCTTACTATTGGAACTTGG	191835	6359	GHap-0	R5-ZUE-007.bam_Window-6359-6432_SHap-0_GHap-0_Count-6342
TAAAGAAGCCGGTTACCCATAGTTAGACGGAAAGACCCCGTGAACCTTCACCGTAGCTTACTATTGGAACTTGG	6151	R6-K0S-001.bam	6359	6432	7845	SHap-0	TAAAGAAGCCGGTTACCCATAGTTAGACGGAAAGACCCCGTGAACCTTCACCGTAGCTTACTATTGGAACTTGG	191835	6359	GHap-0	R6-K0S-001.bam_Window-6359-6432_SHap-0_GHap-0_Count-6151
TAAAGAAGCCGGTTACCCATAGTTAGACGGAAAGACCCCGTGAACCTTCACCGTAGCTTACTATTGGAACTTGG	6404	R6-KOS-002.bam	6359	6432	7823	SHap-0	TAAAGAAGCCGGTTACCCATAGTTAGACGGAAAGACCCCGTGAACCTTCACCGTAGCTTACTATTGGAACTTGG	191835	6359	GHap-0	R6-KOS-002.bam_Window-6359-6432_SHap-0_GHap-0_Count-6404
TAAAGAAGCCGGTTACCCATAGTTAGACGGAAAGACCCCGTGAACCTTCACCGTAGCTTACTATTGGAACTTGG	6463	R6-LIP-004.bam	6359	6432	7855	SHap-0	TAAAGAAGCCGGTTACCCATAGTTAGACGGAAAGACCCCGTGAACCTTCACCGTAGCTTACTATTGGAACTTGG	191835	6359	GHap-0	R6-LIP-004.bam_Window-6359-6432_SHap-0_GHap-0_Count-6463
TAAAGAAGCCGGTTACCCATAGTTAGACGGAAAGACCCCGTGAACCTTCACCGTAGCTTACTATTGGAACTTGG	6500	R6-LIS-004.bam	6359	6432	7846	SHap-0	TAAAGAAGCCGGTTACCCATAGTTAGACGGAAAGACCCCGTGAACCTTCACCGTAGCTTACTATTGGAACTTGG	191835	6359	GHap-0	R6-LIS-004.bam_Window-6359-6432_SHap-0_GHap-0_Count-6500
TAAAGAAGCCGGTTACCCATAGTTAGACGGAAAGACCCCGTGAACCTTCACCGTAGCTTACTATTGGAACTTGG	5336	R6-PAN-005.bam	6359	6432	7714	SHap-0	TAAAGAAGCCGGTTACCCATAGTTAGACGGAAAGACCCCGTGAACCTTCACCGTAGCTTACTATTGGAACTTGG	191835	6359	GHap-0	R6-PAN-005.bam_Window-6359-6432_SHap-0_GHap-0_Count-5336
TAAAGAAGCCGGTTACCCATAGTTAGACGGAAAGACCCCGTGAACCTTCACCGTAGCTTACTATTGGAACTTGG	6479	R6-PAN-012.bam	6359	6432	7888	SHap-0	TAAAGAAGCCGGTTACCCATAGTTAGACGGAAAGACCCCGTGAACCTTCACCGTAGCTTACTATTGGAACTTGG	191835	6359	GHap-0	R6-PAN-012.bam_Window-6359-6432_SHap-0_GHap-0_Count-6479
TAAAGAAGCCGGTTACCCATAGTTAGACGGAAAGACCCCGTGAACCTTCACCGTAGCTTACTATTGGAACTTGG	6464	R6-SAL-001.bam	6359	6432	7861	SHap-0	TAAAGAAGCCGGTTACCCATAGTTAGACGGAAAGACCCCGTGAACCTTCACCGTAGCTTACTATTGGAACTTGG	191835	6359	GHap-0	R6-SAL-001.bam_Window-6359-6432_SHap-0_GHap-0_Count-6464
TAAAGAAGCCGGTTACCCATAGTTAGACGGAAAGACCCCGTGAACCTTCACCGTAGCTTACTATTGGAACTTGG	6057	R7-KOS-001.bam	6359	6432	7758	SHap-0	TAAAGAAGCCGGTTACCCATAGTTAGACGGAAAGACCCCGTGAACCTTCACCGTAGCTTACTATTGGAACTTGG	191835	6359	GHap-0	R7-KOS-001.bam_Window-6359-6432_SHap-0_GHap-0_Count-6057
TAAAGAAGCCGGTTACCCATAGTTAGACGGAAAGACCCCGTGAACCTTCACCGTAGCTTACTATTGGAACTTGG	90	R7-KOS-003.bam	6359	6432	7757	SHap-1	TAAAGAAGCCGGTTACCCATAGTTAGACGGAAAGACCCCGTGAACCTTCACCGTAGCTTACTATTGGAACTTGG	191835	6359	GHap-0	R7-KOS-003.bam_Window-6359-6432_SHap-1_GHap-0_Count-90
TAAAGAAGCCGGTTACCCATAGTTAGACGGAAAGACCCCGTGAACCTTCACCGTAGCTTACTATTGGAACTTGG	6144	R7-KUN-012.bam	6359	6432	7804	SHap-0	TAAAGAAGCCGGTTACCCATAGTTAGACGGAAAGACCCCGTGAACCTTCACCGTAGCTTACTATTGGAACTTGG	191835	6359	GHap-0	R7-KUN-012.bam_Window-6359-6432_SHap-0_GHap-0_Count-6144
TAAAGAAGCCGGTTACCCATAGTTAGACGGAAAGACCCCGTGAACCTTCACCGTAGCTTACTATTGGAACTTGG	6039	R7-MAT-005.bam	6359	6432	7741	SHap-0	TAAAGAAGCCGGTTACCCATAGTTAGACGGAAAGACCCCGTGAACCTTCACCGTAGCTTACTATTGGAACTTGG	191835	6359	GHap-0	R7-MAT-005.bam_Window-6359-6432_SHap-0_GHap-0_Count-6039
TAAAGAAGCCGGTTACCCATAGTTAGACGGAAAGACCCCGTGAACCTTCACCGTAGCTTACTATTGGAACTTGG	6524	R7-MAZ-001.bam	6359	6432	7853	SHap-0	TAAAGAAGCCGGTTACCCATAGTTAGACGGAAAGACCCCGTGAACCTTCACCGTAGCTTACTATTGGAACTTGG	191835	6359	GHap-0	R7-MAZ-001.bam_Window-6359-6432_SHap-0_GHap-0_Count-6524
TAAAGAAGCCGGTTACCCATAGTTAGACGGAAAGACCCCGTGAACCTTCACCGTAGCTTACTATTGGAACTTGG	6288	R7-PUT1-002.bam	6359	6432	7811	SHap-0	TAAAGAAGCCGGTTACCCATAGTTAGACGGAAAGACCCCGTGAACCTTCACCGTAGCTTACTATTGGAACTTGG	191835	6359	GHap-0	R7-PUT1-002.bam_Window-6359-6432_SHap-0_GHap-0_Count-6288
TAAAGAAGCCGGTTACCCATAGTTAGACGGAAAGACCCCGTGAACCTTCACCGTAGCTTACTATTGGAACTTGG	6108	R7-SAL-003.bam	6359	6432	7836	SHap-0	TAAAGAAGCCGGTTACCCATAGTTAGACGGAAAGACCCCGTGAACCTTCACCGTAGCTTACTATTGGAACTTGG	191835	6359	GHap-0	R7-SAL-003.bam_Window-6359-6432_SHap-0_GHap-0_Count-6108
TAAAGAAGCCGGTTACCCATAGTTAGACGGAAAGACCCCGTGAACCTTCACCGTAGCTTACTATTGGAACTTGG	6598	R8-KOS-001.bam	6359	6432	7899	SHap-0	TAAAGAAGCCGGTTACCCATAGTTAGACGGAAAGACCCCGTGAACCTTCACCGTAGCTTACTATTGGAACTTGG	191835	6359	GHap-0	R8-KOS-001.bam_Window-6359-6432_SHap-0_GHap-0_Count-6598
TAAAGAAGCCGGTTACCCATAGTTAGACGGAAAGACCCCGTGAACCTTCACCGTAGCTTACTATTGGAACTTGG	6616	R8-KOS-005.bam	6359	6432	7877	SHap-0	TAAAGAAGCCGGTTACCCATAGTTAGACGGAAAGACCCCGTGAACCTTCACCGTAGCTTACTATTGGAACTTGG	191835	6359	GHap-0	R8-KOS-005.bam_Window-6359-6432_SHap-0_GHap-0_Count-6616
TAAAGAAGCCGGTTACCCATAGTTAGACGGAAAGACCCCGTGAACCTTCACCGTAGCTTACTATTGGAACTTGG	356	R8-KOS-007.bam	6359	6432	7854	SHap-1	TAAAGAAGCCGGTTACCCATAGTTAGACGGAAAGACCCCGTGAACCTTCACCGTAGCTTACTATTGGAACTTGG	191835	6359	GHap-0	R8-KOS-007.bam_Window-6359-6432_SHap-1_GHap-0_Count-356
TAAAGAAGCCGGTTACCCATAGTTAGACGGAAAGACCCCGTGAACCTTCACCGTAGCTTACTATTGGAACTTGG	6445	R8-KUN-007.bam	6359	6432	7884	SHap-0	TAAAGAAGCCGGTTACCCATAGTTAGACGGAAAGACCCCGTGAACCTTCACCGTAGCTTACTATTGGAACTTGG	191835	6359	GHap-0	R8-KUN-007.bam_Window-6359-6432_SHap-0_GHap-0_Count-6445
TAAAGAAGCCGGTTACCCATAGTTAGACGGAAAGACCCCGTGAACCTTCACCGTAGCTTACTATTGGAACTTGG	6437	R8-KUN-016.bam	6359	6432	7888	SHap-0	TAAAGAAGCCGGTTACCCATAGTTAGACGGAAAGACCCCGTGAACCTTCACCGTAGCTTACTATTGGAACTTGG	191835	6359	GHap-0	R8-KUN-016.bam_Window-6359-6432_SHap-0_GHap-0_Count-6437
TAAAGAAGCCGGTTACCCATAGTTAGACGGAAAGACCCCGTGAACCTTCACCGTAGCTTACTATTGGAACTTGG	6763	R8-LMC-015.bam	6359	6432	7894	SHap-0	TAAAGAAGCCGGTTACCCATAGTTAGACGGAAAGACCCCGTGAACCTTCACCGTAGCTTACTATTGGAACTTGG	191835	6359	GHap-0	R8-LMC-015.bam_Window-6359-6432_SHap-0_GHap-0_Count-6763
TAAAGAAGCCGGTTACCCATAGTTAGACGGAAAGACCCCGTGAACCTTCACCGTAGCTTACTATTGGAACTTGG	6367	R8-MAT-003.bam	6359	6432	7798	SHap-0	TAAAGAAGCCGGTTACCCATAGTTAGACGGAAAGACCCCGTGAACCTTCACCGTAGCTTACTATTGGAACTTGG	191835	6359	GHap-0	R8-MAT-003.bam_Window-6359-6432_SHap-0_GHap-0_Count-6367
TAAAGAAGCCGGTTACCCATAGTTAGACGGAAAGACCCCGTGAACCTTCACCGTAGCTTACTATTGGAACTTGG	6417	R8-POT-001.bam	6359	6432	7842	SHap-0	TAAAGAAGCCGGTTACCCATAGTTAGACGGAAAGACCCCGTGAACCTTCACCGTAGCTTACTATTGGAACTTGG	191835	6359	GHap-0	R8-POT-001.bam_Window-6359-6432_SHap-0_GHap-0_Count-6417
TAAAGAAGCCGGTTACCCATAGTTAGACGGAAAGACCCCGTGAACCTTCACCGTAGCTTACTATTGGAACTTGG	6795	R8-SAM-004.bam	6359	6432	7905	SHap-0	TAAAGAAGCCGGTTACCCATAGTTAGACGGAAAGACCCCGTGAACCTTCACCGTAGCTTACTATTGGAACTTGG	191835	6359	GHap-0	R8-SAM-004.bam_Window-6359-6432_SHap-0_GHap-0_Count-6795
TAAAGAAGCCGGTTACCCATAGTTAGACGGAAAGACCCCGTGAACCCTCACCGTAGCTTACTATTGGAACTTGG	124	R6-K0S-001.bam	6359	6432	7845	SHap-1	TAAAGAAGCCGGTTACCCATAGTTAGACGGAAAGACCCCGTGAACCCTCACCGTAGCTTACTATTGGAACTTGG	644	6359	GHap-12	R6-K0S-001.bam_Window-6359-6432_SHap-1_GHap-12_Count-124
TAAGGAAGCCGGTTACCCATAGTTAGACGGAAAGACCCCGTGAACCTTCACCGTAGCTTACTATTGGAACTTGG	203	R6-PAN-005.bam	6359	6432	7714	SHap-1	TAAGGAAGCCGGTTACCCATAGTTAGACGGAAAGACCCCGTGAACCTTCACCGTAGCTTACTATTGGAACTTGG	1154	6359	GHap-4	R6-PAN-005.bam_Window-6359-6432_SHap-1_GHap-4_Count-203
TAAAGAAGCCGGTTACCCATAGTTAGACGGAAAGACCCCGTGGACCTTCACCGTAGCTTACTATTGGAACTTGG	97	R6-PAN-005.bam	6359	6432	7714	SHap-2	TAAAGAAGCCGGTTACCCATAGTTAGACGGAAAGACCCCGTGGACCTTCACCGTAGCTTACTATTGGAACTTGG	321	6359	GHap-30	R6-PAN-005.bam_Window-6359-6432_SHap-2_GHap-30_Count-97
GAAAGAAGCCGGTTACCCATAGTTAGACGGAAAGACCCCGTGAACCTTCACCGTAGCTTACTATTGGAACTTGG	89	R7-KOS-001.bam	6359	6432	7758	SHap-1	GAAAGAAGCCGGTTACCCATAGTTAGACGGAAAGACCCCGTGAACCTTCACCGTAGCTTACTATTGGAACTTGG	1648	6359	GHap-2	R7-KOS-001.bam_Window-6359-6432_SHap-1_GHap-2_Count-89
TAAAGAAGCCGGTTACCCATAGTTAGACGGAGAGACCCCGTGAACCTTCACCGTAGCTTACTATTGGAACTTGG	6150	R7-KOS-003.bam	6359	6432	7757	SHap-0	TAAAGAAGCCGGTTACCCATAGTTAGACGGAGAGACCCCGTGAACCTTCACCGTAGCTTACTATTGGAACTTGG	31846	6359	GHap-1	R7-KOS-003.bam_Window-6359-6432_SHap-0_GHap-1_Count-6150
TAAAGAAGCCGGTTACCCATAGTTAGACGGAGAGACCCCGTGAACCTTCACCGTAGCTTACTATTGGAACTTGG	5957	R7-KOS-004.bam	6359	6432	7711	SHap-0	TAAAGAAGCCGGTTACCCATAGTTAGACGGAGAGACCCCGTGAACCTTCACCGTAGCTTACTATTGGAACTTGG	31846	6359	GHap-1	R7-KOS-004.bam_Window-6359-6432_SHap-0_GHap-1_Count-5957
TAAAGAAGCCGGTTACCCATAGTTAGACGGAGAGACCCCGTGAACCTTCACCGTAGCTTACTATTGGAACTTGG	6477	R8-KOS-004.bam	6359	6432	7880	SHap-0	TAAAGAAGCCGGTTACCCATAGTTAGACGGAGAGACCCCGTGAACCTTCACCGTAGCTTACTATTGGAACTTGG	31846	6359	GHap-1	R8-KOS-004.bam_Window-6359-6432_SHap-0_GHap-1_Count-6477
TAAAGAAGCCGGTTACCCATAGTTAGACGGAGAGACCCCGTGAACCTTCACCGTAGCTTACTATTGGAACTTGG	6116	R8-KOS-007.bam	6359	6432	7854	SHap-0	TAAAGAAGCCGGTTACCCATAGTTAGACGGAGAGACCCCGTGAACCTTCACCGTAGCTTACTATTGGAACTTGG	31846	6359	GHap-1	R8-KOS-007.bam_Window-6359-6432_SHap-0_GHap-1_Count-6116
TAAAGAAGCCGGTTACCCATAGTTAGACGGAGAGACCCCGTGAACCTTCACCGTAGCTTACTATTGGAACTTGG	6436	R8-LMC-004.bam	6359	6432	7855	SHap-0	TAAAGAAGCCGGTTACCCATAGTTAGACGGAGAGACCCCGTGAACCTTCACCGTAGCTTACTATTGGAACTTGG	31846	6359	GHap-1	R8-LMC-004.bam_Window-6359-6432_SHap-0_GHap-1_Count-6436
TAAAGAAGCCGGTTACCCATAGTTAGACGGAAAGACCCCGTGAACCTTCGCCGTAGCTTACTATTGGAACTTGG	151	R8-KUN-016.bam	6359	6432	7888	SHap-1	TAAAGAAGCCGGTTACCCATAGTTAGACGGAAAGACCCCGTGAACCTTCGCCGTAGCTTACTATTGGAACTTGG	483	6359	GHap-19	R8-KUN-016.bam_Window-6359-6432_SHap-1_GHap-19_Count-151
