#CHROM	POS	ID	REF	ALT	QUAL	FILTER	INFO	FORMAT	TPP_WP0022.7.liq	TPP_CP0495	TPP_CP0492	TPP_WP0022.7.scab	TPP_CP0461	TPP_WP0022.5	TPP_CP0465	PNGL_R2-SR001B	PNGL_R8-LMC-004	PNGL_C5-SAM001	PNGL_R6-SAM1-001	PNGL_R2-106190	PNGL_R8-MAZ-003	PNGL_R8-KOS-004	PNGL_R3-Zu003	PNGL_R2-64919	PNGL_R8-KOS-007	PNGL_R7-Put1-002	PNGL_C5-ZUE007	PNGL_R7-Lan-005	PNGL_R6-HUR-007	PNGL_R4-ZU-021	PNGL_R6-LES004
1	129509	.	A	G,*	.	.	.	GT	0	1	1	0	1	0	2	1	1	1	1	1	1	1	1	1	1	1	1	1	1	1	1
1	150624	.	T	C	.	.	.	GT	0	1	1	0	1	0	1	1	1	1	1	1	1	1	1	1	1	1	1	1	1	1	1
1	156223	.	G	*,A	.	.	.	GT	1	1	1	1	1	1	1	0	2	2	2	2	2	2	0	0	2	2	0	0	1	0	1
1	156225	.	T	*,C	.	.	.	GT	1	1	1	1	1	1	1	0	2	2	2	2	2	2	0	0	2	2	0	0	1	0	1
1	168058	.	G	A,*	.	.	.	GT	0	0	0	0	0	0	0	0	0	0	0	0	1	0	0	0	0	0	0	2	0	0	0
1	185500	.	A	G,*	.	.	.	GT	0	1	1	0	1	2	2	0	2	0	0	0	0	0	0	0	0	0	2	0	0	0	2
1	337334	.	A	G,*	.	.	.	GT	0	1	1	0	1	2	1	2	2	0	0	0	2	0	0	0	0	2	0	0	2	0	0
1	396366	.	G	A,*	.	.	.	GT	0	1	1	0	1	0	2	2	0	0	0	0	2	0	0	2	0	0	2	0	0	0	2
1	493442	.	C	T	.	.	.	GT	0	1	1	0	1	0	1	1	1	1	1	1	1	1	1	1	1	1	1	1	1	1	1
1	591804	.	C	*,A	.	.	.	GT	0	0	0	0	1	0	0	2	2	1	2	2	2	2	2	2	2	1	2	2	1	2	2
1	621704	.	G	A,*	.	.	.	GT	0	0	0	0	0	0	0	1	1	1	1	1	1	1	1	1	1	1	1	1	1	2	1
1	651890	.	A	G,*	.	.	.	GT	0	1	2	0	1	0	2	1	1	1	1	1	1	1	1	1	1	1	1	1	1	1	1
1	658079	.	T	C,*	.	.	.	GT	0	1	1	0	1	0	1	1	1	2	1	1	1	2	1	2	1	1	1	2	1	1	1
1	708102	.	G	A	.	.	.	GT	0	0	0	0	0	0	0	0	0	0	0	0	1	0	0	0	0	0	0	0	0	0	0
1	747030	.	T	*,C	.	.	.	GT	0	0	0	0	1	0	0	0	2	0	0	0	2	2	0	0	2	2	1	0	0	0	0
1	791789	.	C	T,*	.	.	.	GT	0	1	1	0	1	0	1	0	0	0	0	0	0	0	0	2	0	0	0	2	0	0	0
1	810450	.	A	G	.	.	.	GT	0	0	0	0	0	0	0	0	0	0	0	1	0	0	0	0	0	0	0	0	0	0	0
1	815224	.	T	C,*	.	.	.	GT	0	1	1	0	1	0	2	0	0	0	0	0	0	0	0	0	0	0	0	0	0	0	0
1	825116	.	C	G,*	.	.	.	GT	0	0	0	0	0	0	0	1	0	1	1	1	0	0	1	1	2	0	1	1	1	1	2
1	905209	.	C	G,*	.	.	.	GT	0	1	2	0	1	0	1	1	1	1	1	1	1	1	1	1	1	1	1	1	1	1	1
1	964363	.	T	C,*	.	.	.	GT	0	1	1	0	1	0	2	0	0	0	0	0	0	2	0	0	0	0	0	0	0	2	0
1	975917	.	T	*,C	.	.	.	GT	0	0	0	0	0	1	0	0	0	0	0	0	2	0	0	0	0	0	0	1	0	1	1
1	975920	.	G	*,A	.	.	.	GT	0	0	0	0	0	1	0	0	0	0	0	0	2	0	0	0	0	0	0	1	0	1	1
1	994294	.	C	G,*	.	.	.	GT	0	1	1	0	2	0	1	1	1	1	1	1	1	1	1	1	1	1	1	1	1	1	2
1	1030850	.	G	A	.	.	.	GT	0	0	0	0	0	0	0	0	0	0	0	0	0	0	0	0	0	0	0	0	0	0	1
1	1089315	.	G	T	.	.	.	GT	0	0	1	0	0	0	0	0	0	0	0	0	0	0	0	0	0	0	0	0	0	0	0
1	1133160	.	T	C	.	.	.	GT	0	0	0	0	0	0	0	0	0	0	0	0	1	0	0	0	0	0	0	0	0	0	0
1	1135842	.	C	A	.	.	.	GT	0	0	0	0	0	0	0	0	0	0	0	0	0	0	0	0	0	0	0	0	0	0	1
